<?xml version="1.0" encoding="utf-8"?>
<edmx:Edmx Version="4.0" xmlns:edmx="http://docs.oasis-open.org/odata/ns/edmx">
    <edmx:Reference Uri="../../catalogservice;v=2/Vocabularies(TechnicalName='%2FIWBEP%2FVOC_COMMON',Version='0001',SAP__Origin='')/$value">
        <edmx:Include Namespace="com.sap.vocabularies.Common.v1" Alias="Common"/>
    </edmx:Reference>
    <edmx:Reference Uri="../../catalogservice;v=2/Vocabularies(TechnicalName='%2FIWBEP%2FVOC_UI',Version='0001',SAP__Origin='')/$value">
        <edmx:Include Namespace="com.sap.vocabularies.UI.v1" Alias="UI"/>
    </edmx:Reference>
    <edmx:Reference Uri="../../catalogservice;v=2/Vocabularies(TechnicalName='%2FIWBEP%2FVOC_COMMUNICATION',Version='0001',SAP__Origin='')/$value">
        <edmx:Include Namespace="com.sap.vocabularies.Communication.v1" Alias="Communication"/>
    </edmx:Reference>
    <edmx:Reference Uri="../../catalogservice;v=2/Vocabularies(TechnicalName='%2FIWBEP%2FVOC_PERSONALDATA',Version='0001',SAP__Origin='')/$value">
        <edmx:Include Namespace="com.sap.vocabularies.PersonalData.v1" Alias="PersonalData"/>
    </edmx:Reference>
    <edmx:Reference Uri="../../catalogservice;v=2/Vocabularies(TechnicalName='%2FIWBEP%2FVOC_VALIDATION',Version='0001',SAP__Origin='')/$value">
        <edmx:Include Namespace="Org.OData.Validation.V1" Alias="Validation"/>
    </edmx:Reference>
    <edmx:Reference Uri="../../catalogservice;v=2/Vocabularies(TechnicalName='%2FIWBEP%2FVOC_ANALYTICS',Version='0001',SAP__Origin='')/$value">
        <edmx:Include Namespace="com.sap.vocabularies.Analytics.v1" Alias="Analytics"/>
    </edmx:Reference>
    <edmx:Reference Uri="../../catalogservice;v=2/Vocabularies(TechnicalName='%2FIWBEP%2FVOC_HTML5',Version='0001',SAP__Origin='')/$value">
        <edmx:Include Namespace="com.sap.vocabularies.HTML5.v1" Alias="HTML5"/>
    </edmx:Reference>
    <edmx:Reference Uri="../../../sap/zdemo_params_o2/$metadata">
        <edmx:Include Namespace="ZDEMO_PARAMS_O2" Alias="SAP"/>
    </edmx:Reference>
    <edmx:DataServices>
        <Schema Namespace="zdemo_params_o2_van.v1" xmlns="http://docs.oasis-open.org/odata/ns/edm">
            <Annotations Target="cds_zdemo_params.Zdemo_C_PARAMSType/Parguid">
                <Annotation Term="UI.Hidden"/>
            </Annotations>
            <Annotations Target="cds_zdemo_params.Zdemo_C_PARAMSType/classdescription">
                <Annotation Term="UI.Hidden"/>
            </Annotations>
            <Annotations Target="cds_zdemo_params.Zdemo_C_PARAMSType/Uname">
                <Annotation Term="UI.Hidden"/>
            </Annotations>
            <Annotations Target="cds_zdemo_params.Zdemo_C_PARAMSType/navigation">
                <Annotation Term="UI.Hidden"/>
            </Annotations>
            <Annotations Target="cds_zdemo_params.Zdemo_C_PARAMSType/clear_ac">
                <Annotation Term="UI.Hidden"/>
            </Annotations>
            <Annotations Target="cds_zdemo_params.Zdemo_C_PARAMSType/copy_ac">
                <Annotation Term="UI.Hidden"/>
            </Annotations>
            <Annotations Target="cds_zdemo_params.Zdemo_C_PARAMSType/execute_ac">
                <Annotation Term="UI.Hidden"/>
            </Annotations>
            <Annotations Target="cds_zdemo_params.Zdemo_C_PARAMSType/initialize_ac">
                <Annotation Term="UI.Hidden"/>
            </Annotations>
            <Annotations Target="cds_zdemo_params.Zdemo_C_PARAMSType/Update_mc">
                <Annotation Term="UI.Hidden"/>
            </Annotations>
            <Annotations Target="cds_zdemo_params.Zdemo_C_PARAMSType">
                <Annotation Term="UI.Facets">
                    <Collection>
                        <Record Type="UI.ReferenceFacet">
                            <PropertyValue Property="Label" String="Details"/>
                            <PropertyValue Property="ID" String="details"/>
                            <PropertyValue Property="Target" AnnotationPath="@UI.Identification"/>
                        </Record>
                    </Collection>
                </Annotation>
                <Annotation Term="UI.HeaderInfo">
                    <Record>
                        <PropertyValue Property="TypeName" String="consumption"/>
                        <PropertyValue Property="TypeNamePlural" String="Parameters for zdemo"/>
                        <PropertyValue Property="Title">
                            <Record Type="UI.DataField">
                                <PropertyValue Property="Value" Path="classdescription"/>
                            </Record>
                        </PropertyValue>
                    </Record>
                </Annotation>
                <Annotation Term="UI.Identification">
                    <Collection>
                        <Record Type="UI.DataField">
                            <PropertyValue Property="Label" String="Global"/>
                            <PropertyValue Property="Value" Path="global_flag"/>
                        </Record>
                        <Record Type="UI.DataField">
                            <PropertyValue Property="Label" String="Integer1"/>
                            <PropertyValue Property="Value" Path="Int1"/>
                        </Record>
                        <Record Type="UI.DataField">
                            <PropertyValue Property="Label" String="Integer2"/>
                            <PropertyValue Property="Value" Path="Int2"/>
                        </Record>
                        <Record Type="UI.DataField">
                            <PropertyValue Property="Label" String="Checkbox"/>
                            <PropertyValue Property="Value" Path="Checkbox"/>
                        </Record>
                        <Record Type="UI.DataField">
                            <PropertyValue Property="Label" String="Some date"/>
                            <PropertyValue Property="Value" Path="Somedate"/>
                        </Record>
                        <Record Type="UI.DataField">
                            <PropertyValue Property="Label" String="Some time"/>
                            <PropertyValue Property="Value" Path="Sometime"/>
                        </Record>
                        <Record Type="UI.DataField">
                            <PropertyValue Property="Label" String="Last run"/>
                            <PropertyValue Property="Value" Path="lastrun"/>
                        </Record>
                    </Collection>
                </Annotation>
                <Annotation Term="UI.LineItem">
                    <Collection>
                        <Record Type="UI.DataField">
                            <PropertyValue Property="Label" String="Global"/>
                            <PropertyValue Property="Value" Path="global_flag"/>
                        </Record>
                        <Record Type="UI.DataField">
                            <PropertyValue Property="Label" String="Integer1"/>
                            <PropertyValue Property="Value" Path="Int1"/>
                        </Record>
                        <Record Type="UI.DataField">
                            <PropertyValue Property="Label" String="Integer2"/>
                            <PropertyValue Property="Value" Path="Int2"/>
                        </Record>
                        <Record Type="UI.DataField">
                            <PropertyValue Property="Label" String="Checkbox"/>
                            <PropertyValue Property="Value" Path="Checkbox"/>
                        </Record>
                        <Record Type="UI.DataField">
                            <PropertyValue Property="Label" String="Some date"/>
                            <PropertyValue Property="Value" Path="Somedate"/>
                        </Record>
                        <Record Type="UI.DataField">
                            <PropertyValue Property="Label" String="Some time"/>
                            <PropertyValue Property="Value" Path="Sometime"/>
                        </Record>
                        <Record Type="UI.DataField">
                            <PropertyValue Property="Label" String="Last run"/>
                            <PropertyValue Property="Value" Path="Parguid"/>
                        </Record>
                        <Record Type="UI.DataFieldForAction">
                            <PropertyValue Property="Label" String="Execute"/>
                            <PropertyValue Property="Action" String="cds_zdemo_params.cds_zdemo_params_Entities/execute"/>
                            <PropertyValue Property="InvocationGrouping" EnumMember="UI.OperationGroupingType/Isolated"/>
                            <PropertyValue Property="Inline" Bool="true"/>
                        </Record>
                        <Record Type="UI.DataFieldForAction">
                            <PropertyValue Property="Label" String="Initialize"/>
                            <PropertyValue Property="Action" String="cds_zdemo_params.cds_zdemo_params_Entities/initialize"/>
                            <PropertyValue Property="InvocationGrouping" EnumMember="UI.OperationGroupingType/Isolated"/>
                        </Record>
                        <Record Type="UI.DataFieldForAction">
                            <PropertyValue Property="Label" String="Copy from global"/>
                            <PropertyValue Property="Action" String="cds_zdemo_params.cds_zdemo_params_Entities/copy"/>
                            <PropertyValue Property="InvocationGrouping" EnumMember="UI.OperationGroupingType/Isolated"/>
                        </Record>
                        <Record Type="UI.DataFieldForAction">
                            <PropertyValue Property="Label" String="Clear last run"/>
                            <PropertyValue Property="Action" String="cds_zdemo_params.cds_zdemo_params_Entities/clear"/>
                            <PropertyValue Property="InvocationGrouping" EnumMember="UI.OperationGroupingType/Isolated"/>
                            <PropertyValue Property="Inline" Bool="true"/>
                        </Record>
                        <Record Type="UI.DataField">
                            <PropertyValue Property="Label" String="Last run"/>
                            <PropertyValue Property="Value" Path="lastrun"/>
                        </Record>
                    </Collection>
                </Annotation>
            </Annotations>
        </Schema>
    </edmx:DataServices>
</edmx:Edmx>