{
  "generationParameters": {
    "generationDate": "Sun Dec 07 2025 00:02:25 GMT+0000 (Coordinated Universal Time)",
    "generatorPlatform": "SAP Business Application Studio",
    "serviceType": "SAP System (ABAP On-Premise)",
    "metadataFilename": "",
    "serviceUrl": "https://s4d_bas.dest/sap/opu/odata/sap/ZCLASS_OUTPUT_O2",
    "appName": "class_output",
    "appTitle": "Class output",
    "appDescription": "Output from class execution",
    "appNamespace": "",
    "ui5Theme": "sap_horizon",
    "ui5Version": "1.120.34",
    "enableCodeAssist": false,
    "enableEslint": false,
    "enableTypeScript": false,
    "showMockDataInfo": true,
    "generatorVersion": "1.20.0",
    "template": "List Report Page V2",
    "generatorName": "SAP Fiori Application Generator",
    "entityRelatedConfig": [
      {
        "type": "Main Entity",
        "value": "zclass_c_output"
      }
    ],
    "launchText": "To launch the generated application, run the following from the generated application root folder:\n\n```\n    npm start\n```"
  }
}
