{
  "generationParameters": {
    "generationDate": "Tue Dec 09 2025 02:15:35 GMT+0000 (Coordinated Universal Time)",
    "generatorPlatform": "SAP Business Application Studio",
    "serviceType": "SAP System (ABAP On-Premise)",
    "metadataFilename": "",
    "serviceUrl": "https://s4d_bas.dest/sap/opu/odata/sap/ZPARAM_CLASSES_O2",
    "appName": "param_classes",
    "appTitle": "Classes with parameters",
    "appDescription": "Classes with parameters.",
    "appNamespace": "",
    "ui5Theme": "sap_horizon",
    "ui5Version": "1.120.34",
    "enableCodeAssist": false,
    "enableEslint": false,
    "enableTypeScript": false,
    "showMockDataInfo": true,
    "generatorVersion": "1.20.0",
    "template": "List Report Page V2",
    "generatorName": "SAP Fiori Application Generator",
    "entityRelatedConfig": [
      {
        "type": "Main Entity",
        "value": "ZPARAm_C_CLASSES"
      }
    ],
    "launchText": "To launch the generated application, run the following from the generated application root folder:\n\n```\n    npm start\n```"
  }
}
